CustomerID,Churn
146773,0.2346735
21394,0.783293
411099,0.922246
